{"nan": [0.36408892391639064, 0.943817666032235],
 "D9": [-0.5095421824848744, -0.1302414781943561],
 "G7": [0.37435465990139877, -0.7133737861609666],
 "D14": [-0.9450909131655383, -0.056807707110798425],
 "D16": [-1.0, -0.09344410327070919],
 "C2/D2": [-0.09845136545001827, -0.20501963730143957],
 "G3": [0.3597738749894852, -0.5231285568226007],
 "D8": [-0.7426894366226348, 0.23133281058684996],
 "X4": [-0.7648071288292307, 0.05411306029901166],
 "Y1": [0.580806252739063, -0.38065870937589474],
 "J1": [0.08998092556366444, 0.8650303357273719],
 "KX3": [0.14941754700073245, 0.8175770510551275],
 "F1": [-0.8937456357871386, -0.01658044576796046],
 "H7/D14": [-0.6039331241398217, -0.046286530766112007],
 "KX3/X6": [0.41539918653347885, 0.3481002433917171],
 "D15": [0.2266967541888948, -0.6549259416083764],
 "K": [0.6501041362649278, -0.45538350014999646],
 "D4": [-0.7062212833638933, 0.15433140277315655],
 "D5": [-0.12244636593710802, -0.12699393405527876],
 "B5": [-0.012856287487178736, 0.8881195422281494],
 "D2": [0.060768350388561085, -0.4486743989556927],
 "I3/E": [-0.057333416963663245, -0.13881574804935765],
 "B4": [-0.10041978891124616, 0.913055992464048],
 "B6": [0.0557252366391079, 0.8893299933558695],
 "B3": [0.4902083706634736, 0.4185611101950868],
 "Y2": [0.2571641648083126, -0.2785167909359127],
 "KX6": [0.14925945919051242, 0.9196236685324582],
 "A": [-0.17288978604136893, 0.9249681042302585],
 "J2": [0.48153033237481824, 0.3422405393348769],
 "G1": [0.06001357452125468, -0.2878173735884291],
 "Z1": [0.5424589995822645, 0.2990580657654661],
 "D1/10": [-0.16482372579920732, -0.17720475891924645],
 "G6": [0.5086978475750119, -0.4150884965581649],
 "D3": [0.11617643944181347, -0.38432959165928776],
 "D20": [-0.4541602170567971, -0.26423764298943725],
 "G9": [0.22909083544620765, -0.43595656038776903],
 "G5": [0.3382810238574998, -0.6196914578443502],
 "G4": [0.3418649124050229, -0.41459120510595393],
 "D19": [0.7463698381761197, -0.4516673816500947],
 "C3/E": [-0.680389782341395, 0.052417343198699874],
 "D21": [0.7246083958442993, -0.5145458348962001],
 "G8": [0.2109287904536284, -0.34236975911434947],
 "J3": [0.5594993586939039, 0.3780535550775713],
 "G10": [0.25506174501302603, -0.5647515579651997],
 "C3": [-0.4007348289621883, -0.1979482984504281],
 "C2/E": [-0.6509630583323395, 0.10688570169380676],
 "D6": [-0.25683160849722836, -0.207564998287396]
}